{
  "n": 51,
  "edges": [
    [
      0,
      1
    ],
    [
      1,
      2
    ],
    [
      2,
      3
    ],
    [
      3,
      4
    ],
    [
      4,
      5
    ],
    [
      5,
      6
    ],
    [
      6,
      7
    ],
    [
      7,
      8
    ],
    [
      8,
      9
    ],
    [
      9,
      10
    ],
    [
      10,
      11
    ],
    [
      11,
      12
    ],
    [
      12,
      13
    ],
    [
      13,
      14
    ],
    [
      14,
      15
    ],
    [
      15,
      16
    ],
    [
      16,
      17
    ],
    [
      17,
      18
    ],
    [
      18,
      19
    ],
    [
      19,
      20
    ],
    [
      20,
      21
    ],
    [
      21,
      22
    ],
    [
      22,
      23
    ],
    [
      23,
      24
    ],
    [
      24,
      25
    ],
    [
      25,
      26
    ],
    [
      26,
      27
    ],
    [
      27,
      28
    ],
    [
      28,
      29
    ],
    [
      29,
      30
    ],
    [
      30,
      31
    ],
    [
      31,
      32
    ],
    [
      32,
      33
    ],
    [
      33,
      34
    ],
    [
      34,
      35
    ],
    [
      35,
      36
    ],
    [
      36,
      37
    ],
    [
      37,
      38
    ],
    [
      38,
      39
    ],
    [
      39,
      40
    ],
    [
      40,
      41
    ],
    [
      41,
      42
    ],
    [
      42,
      43
    ],
    [
      43,
      44
    ],
    [
      44,
      45
    ],
    [
      45,
      46
    ],
    [
      46,
      47
    ],
    [
      47,
      48
    ],
    [
      48,
      49
    ],
    [
      49,
      50
    ]
  ],
  "mu": 3.9962066574740875,
  "degree_sequence": [
    2,
    2,
    2,
    2,
    2,
    2,
    2,
    2,
    2,
    2,
    2,
    2,
    2,
    2,
    2,
    2,
    2,
    2,
    2,
    2,
    2,
    2,
    2,
    2,
    2,
    2,
    2,
    2,
    2,
    2,
    2,
    2,
    2,
    2,
    2,
    2,
    2,
    2,
    2,
    2,
    2,
    2,
    2,
    2,
    2,
    2,
    2,
    2,
    2,
    1,
    1
  ],
  "bound_id": 44,
  "bound_value": 4.0,
  "gap": 0.0037933425259124576,
  "score": -0.003793,
  "source": "Path P_51 (reconstructed from AMCS Cycle 1 log)",
  "is_tree": true,
  "is_path": true,
  "notes": "AMCS Restart 36 grew a path from n=7 to n=51. Gap=pi^2/n^2 approaches 0 as n->inf but never violates."
}