{
  "bound_id": 44,
  "n": 11,
  "graph6": "J?AB?r_FF??",
  "mu": 5.695572256593749,
  "bound_value": 5.741657386773941,
  "gap": 0.04608513018019167,
  "edges": [
    [
      0,
      5
    ],
    [
      0,
      8
    ],
    [
      0,
      10
    ],
    [
      1,
      6
    ],
    [
      1,
      8
    ],
    [
      1,
      10
    ],
    [
      2,
      6
    ],
    [
      2,
      8
    ],
    [
      2,
      10
    ],
    [
      3,
      7
    ],
    [
      3,
      9
    ],
    [
      4,
      7
    ],
    [
      4,
      9
    ],
    [
      5,
      9
    ]
  ]
}