{
  "bound_id": 44,
  "n": 12,
  "graph6": "K??FEb_F?wD_",
  "mu": 6.000000000000003,
  "bound_value": 6.0,
  "gap": -2.6645352591003757e-15,
  "edges": [
    [
      0,
      6
    ],
    [
      0,
      7
    ],
    [
      0,
      8
    ],
    [
      1,
      6
    ],
    [
      1,
      7
    ],
    [
      1,
      8
    ],
    [
      2,
      6
    ],
    [
      2,
      8
    ],
    [
      2,
      11
    ],
    [
      3,
      7
    ],
    [
      3,
      9
    ],
    [
      3,
      10
    ],
    [
      4,
      9
    ],
    [
      4,
      10
    ],
    [
      4,
      11
    ],
    [
      5,
      9
    ],
    [
      5,
      10
    ],
    [
      5,
      11
    ]
  ]
}