{
  "bound_id": 44,
  "n": 10,
  "graph6": "I?BvUqw]?",
  "mu": 8.000000000000004,
  "bound_value": 8.0,
  "gap": -3.552713678800501e-15,
  "edges": [
    [
      0,
      5
    ],
    [
      0,
      6
    ],
    [
      0,
      7
    ],
    [
      0,
      8
    ],
    [
      1,
      5
    ],
    [
      1,
      6
    ],
    [
      1,
      7
    ],
    [
      1,
      9
    ],
    [
      2,
      5
    ],
    [
      2,
      6
    ],
    [
      2,
      8
    ],
    [
      2,
      9
    ],
    [
      3,
      5
    ],
    [
      3,
      7
    ],
    [
      3,
      8
    ],
    [
      3,
      9
    ],
    [
      4,
      6
    ],
    [
      4,
      7
    ],
    [
      4,
      8
    ],
    [
      4,
      9
    ]
  ]
}